env,succ,coll,time,std_time,rew,std_rew,disc_freq,danger_d_min,std_danger
bl-sq,0.96,0.02,9.255208333333334,1.2092197718352202,0.3714602022352528,0.09841226364866028,0.013095861707700367,0.17175097743783424,0.023619052308322164
bl-cr,0.98,0.02,10.137755102040817,1.300570150178449,0.34306787255355364,0.08425215951419518,0.018407960199004977,0.14397682209751306,0.05623047932677832
dn-cr,0.94,0.06,10.127659574468085,1.7555931443149853,0.3179623032076563,0.12943020885353979,0.07842157842157842,0.13723381814389193,0.04876087047347168
dn-sq,0.96,0.04,10.640625,2.0934584685097053,0.2808805983074773,0.13548887831176432,0.2766364070711897,0.14383385225366577,0.048634684042448584
lg-cr,0.98,0.02,15.091836734693878,2.869035017654562,0.19897984982099295,0.0842980025540248,0.047619047619047616,0.13972583059355861,0.05169433897202591
lg-sq,0.94,0.04,14.382978723404255,1.9466631732751316,0.19140934290916095,0.09881354700489206,0.1096551724137931,0.14146618671357322,0.04902126746796834
